{
  "MobileProducts": [
    {
      "id": 1,
      "brand": "Black",
      "model": "genuine leather bag",
      "views": 14,
      "ram": {
        "price": 28999
      },
      "img_URL": "https://cdn.shopclues.com/images/thumbnails/48760/280/1/MAQ10011481003077.jpg"
    },
    {
      "id": 3,
      "brand": "tan",
      "model": "leather laptop bag",
      "views": 3,
      "ram": {
        "price": 18999
      },
      "img_URL": "https://cdn.shopclues.com/images/thumbnails/48760/280/1/MAQ10021481003611.jpg"
    },
    {
      "brand": "brown",
      "model": "leather bag",
      "views": 9,
      "ram": {
        "price": 47999
      },
      "img_URL": "https://cdn.shopclues.com/images/thumbnails/48760/280/1/MAQ10031481003921.jpg",
      "id": 4
    },
    {
      "brand": "grey",
      "model": "stylish leather bag",
      "views": 5,
      "ram": {
        "price": 42999
      },
      "img_URL": "https://cdn.shopclues.com/images/thumbnails/48760/280/1/MAQ10041481004891.jpg",
      "id": 6
    },
    {
      "brand": "Stylish",
      "model": "Leather laptop bag",
      "views": 11,
      "ram": {
        "price": 87999
      },
      "img_URL": "https://cdn.shopclues.com/images/thumbnails/48760/280/1/MAQ10051481005071.jpg",
      "id": 7
    },
    {
      "brand": "Style",
      "model": "leather bag",
      "views": 3,
      "ram": {
        "price": 49999
      },
      "img_URL": "https://cdn.shopclues.com/images/thumbnails/48761/280/1/MAQ10111481006566.jpg",
      "id": 8
    },
    {
      "id": 9,
      "brand": "zivana",
      "model": " leather bag",
      "ram": {
        "price": 32999
      },
      "img_URL": "https://cdn.shopclues.com/images/thumbnails/48761/280/1/MAQ10141481007787.jpg",
      "views": 2
    },
    {
      "brand": "hbhb",
      "model": "hb h ",
      "ram": {
        "price": 3345
      },
      "img_URL": "https://ae01.alicdn.com/kf/H59f339373abb40e48eb2c72d29d02899Y/Peach-Milk-Women-Cute-Backpack-Pink-Bookbag-Mochila-Mini-Bagpack-Cartoon-Travel-Backpack-Nylon-School-Bags.jpg_q50.jpg",
      "views": 0,
      "id": 10
    }
  ],
  "Users": [
    {
      "firstName": "kasturi naidu",
      "lastName": "irri",
      "username": "bangalore",
      "emailid": "kasturinaidu4@gmail.com",
      "password": "Kasturi@123",
      "id": 1
    },
    {
      "firstName": "jayasurya",
      "lastName": "pavan",
      "location": "bengaluru",
      "emailid": "jay@gmail.com",
      "password": "Jayasurya@123",
      "id": 2
    },
    {
      "firstName": "jay",
      "lastName": "akula",
      "location": "bangalore",
      "emailid": "jay.akula@wipro.com",
      "password": "Jay@12345",
      "id": 3
    },
    {
      "firstName": "",
      "lastName": "",
      "location": "",
      "emailid": "",
      "password": "",
      "id": 4
    },
    {
      "firstName": "",
      "lastName": "",
      "location": "",
      "emailid": "",
      "password": "",
      "id": 5
    },
    {
      "firstName": "",
      "lastName": "",
      "location": "",
      "emailid": "",
      "password": "",
      "id": 6
    },
    {
      "firstName": "",
      "lastName": "",
      "location": "",
      "emailid": "",
      "password": "",
      "id": 7
    },
    {
      "firstName": "",
      "lastName": "",
      "location": "",
      "emailid": "",
      "password": "",
      "id": 8
    }
  ]
}